{"cameraMode":{"drawMode":0,"name":"Shaded","section":"Shading Mode"},"sceneLighting":true,"audioPlay":false,"sceneViewState":{"showFog":true,"showMaterialUpdate":false,"showSkybox":true,"showFlares":true,"showImageEffects":true,"showParticleSystems":true},"in2DMode":false,"pivot":{"x":0.7446043491363525,"y":2.5563111305236818,"z":1.3963227272033692},"rotation":{"x":-0.12854516506195069,"y":0.30047425627708437,"z":-0.04090700298547745,"w":-0.9442025423049927},"size":4.807394981384277,"orthographic":false}